"employee_id";"employee_account";"employee_password"
1;"EmmaJohnson@gmail.com";"98765"
2;"LiamSmith@gmail.com";"98786"
3;"OliviaWilliams@gmail.com";"98807"
4;"NoahBrown@gmail.com";"98828"
5;"AvaJones@gmail.com";"98849"
6;"WilliamMiller@gmail.com";"98870"
7;"SophiaDavis@gmail.com";"98891"
8;"JamesWilson@gmail.com";"98912"
9;"IsabellaTaylor@gmail.com";"98933"
10;"BenjaminAnderson@gmail.com";"98954"
11;"MiaThomas@gmail.com";"98975"
12;"LucasMoore@gmail.com";"98996"
13;"AmeliaMartin@gmail.com";"99017"
14;"HenryLee@gmail.com";"99038"
15;"EvelynPerez@gmail.com";"99059"
16;"AlexanderThompson@gmail.com";"99080"
17;"HarperWhite@gmail.com";"99101"
18;"MichaelHarris@gmail.com";"99122"
19;"EllaLewis@gmail.com";"99143"
20;"DanielWalker@gmail.com";"99164"
21;"ScarlettRobinson@gmail.com";"99185"
22;"MatthewYoung@gmail.com";"99206"
23;"GraceKing@gmail.com";"99227"
24;"EthanScott@gmail.com";"99248"
25;"VictoriaGreen@gmail.com";"99269"
26;"JosephAdams@gmail.com";"99290"
27;"LilyBaker@gmail.com";"99311"
28;"JacksonNelson@gmail.com";"99332"
29;"ZoeyCarter@gmail.com";"99353"
30;"SebastianMitchell@gmail.com";"99374"
31;"PenelopePerez@gmail.com";"99395"
32;"DavidRoberts@gmail.com";"99416"
33;"RileyTurner@gmail.com";"99437"
34;"SamuelPhillips@gmail.com";"99458"
35;"NoraCampbell@gmail.com";"99479"
36;"GabrielParker@gmail.com";"99500"
37;"LeahEvans@gmail.com";"99521"
38;"JackEdwards@gmail.com";"99542"
39;"HannahCollins@gmail.com";"99563"
40;"AnthonyStewart@gmail.com";"99584"
41;"EllieMorris@gmail.com";"99605"
42;"DylanRogers@gmail.com";"99626"
43;"NatalieReed@gmail.com";"99647"
44;"IsaacCook@gmail.com";"99668"
45;"AddisonBailey@gmail.com";"99689"
46;"LukeHoward@gmail.com";"99710"
47;"HazelBell@gmail.com";"99731"
48;"ChristopherWard@gmail.com";"99752"
49;"LucyCooper@gmail.com";"99773"
50;"OwenBrooks@gmail.com";"99794"
51;"AriaRivera@gmail.com";"99815"
52;"JaydenCox@gmail.com";"99836"
53;"PaisleyMurphy@gmail.com";"99857"
54;"WyattKim@gmail.com";"99878"
55;"SkylarRamirez@gmail.com";"99899"
56;"AndrewDiaz@gmail.com";"99920"
57;"SavannahMyers@gmail.com";"99941"
58;"CalebKelly@gmail.com";"99962"
59;"StellaSanders@gmail.com";"99983"
60;"NathanMorgan@gmail.com";"100004"
61;"MayaPatterson@gmail.com";"100025"
62;"RyanJames@gmail.com";"100046"
63;"BrooklynLong@gmail.com";"100067"
64;"IsaacHughes@gmail.com";"100088"
65;"VioletPrice@gmail.com";"100109"
66;"JoshuaFoster@gmail.com";"100130"
67;"LaylaBennett@gmail.com";"100151"
68;"CharlesRussell@gmail.com";"100172"
69;"AubreyColeman@gmail.com";"100193"
70;"EliPerry@gmail.com";"100214"
71;"EllieGriffin@gmail.com";"100235"
72;"HunterCruz@gmail.com";"100256"
73;"ZoeRodriguez@gmail.com";"100277"
74;"LeviKing@gmail.com";"100298"
75;"ChloeBailey@gmail.com";"100319"
76;"JonathanGray@gmail.com";"100340"
77;"MilaHughes@gmail.com";"100361"
78;"CameronJenkins@gmail.com";"100382"
79;"AubreeScott@gmail.com";"100403"
80;"ChristianAdams@gmail.com";"100424"
81;"LillianCampbell@gmail.com";"100445"
82;"JulianLong@gmail.com";"100466"
83;"SamanthaMitchell@gmail.com";"100487"
84;"IsaiahCox@gmail.com";"100508"
85;"ClaireRivera@gmail.com";"100529"
86;"AdrianMurphy@gmail.com";"100550"
87;"AuroraRamirez@gmail.com";"100571"
88;"AaronDiaz@gmail.com";"100592"
89;"EllieHoward@gmail.com";"100613"
90;"NolanFisher@gmail.com";"100634"
91;"GenesisReed@gmail.com";"100655"
92;"RobertRoss@gmail.com";"100676"
93;"KennedyPeterson@gmail.com";"100697"
94;"DominicPowell@gmail.com";"100718"
95;"EmeryBarnes@gmail.com";"100739"
96;"LincolnJenkins@gmail.com";"100760"
97;"BellaRussell@gmail.com";"100781"
98;"LandonBryant@gmail.com";"100802"
99;"EvelynWoods@gmail.com";"100823"
100;"EvanMorgan@gmail.com";"100844"
